method,roc_auc,avg_precision,mean_target_auroc
ensemble,0.7452270434987875,0.27812758163201334,0.7476782287200472
