method,roc_auc,avg_precision,mean_target_auroc
ensemble,0.9475318374221745,0.809382626252224,0.9537525256505738
