method,roc_auc,avg_precision,mean_target_auroc
ensemble,0.8968662129857758,0.6649264076152517,0.9058656693704643
